Metric,Value
R2 Score,0.9702152422764558
MAE,14.601270368379378
RMSE,19.651217872708347
Cross Validation R2 Mean,0.9720963094748057
Classification Accuracy,0.98
